web-scraper-order,web-scraper-start-url,selector1
"1657196981-331","https://www.flashscore.co.uk/football/england/premier-league-2002-2003/results/","Southampton"
"1657196981-305","https://www.flashscore.co.uk/football/england/premier-league-2002-2003/results/","1"
"1657196981-681","https://www.flashscore.co.uk/football/england/premier-league-2002-2003/results/","Birmingham"
"1657196981-785","https://www.flashscore.co.uk/football/england/premier-league-2002-2003/results/","Middlesbrough"
"1657196981-341","https://www.flashscore.co.uk/football/england/premier-league-2002-2003/results/","(0)"
"1657196981-657","https://www.flashscore.co.uk/football/england/premier-league-2002-2003/results/","(0)"
"1657196981-519","https://www.flashscore.co.uk/football/england/premier-league-2002-2003/results/","Newcastle"
"1657196981-754","https://www.flashscore.co.uk/football/england/premier-league-2002-2003/results/","(0)"
"1657196981-572","https://www.flashscore.co.uk/football/england/premier-league-2002-2003/results/","(1)"
"1657196981-213","https://www.flashscore.co.uk/football/england/premier-league-2002-2003/results/","2"
"1657196981-287","https://www.flashscore.co.uk/football/england/premier-league-2002-2003/results/","26.04. 15:00"
"1657196981-367","https://www.flashscore.co.uk/football/england/premier-league-2002-2003/results/","1"
"1657196981-422","https://www.flashscore.co.uk/football/england/premier-league-2002-2003/results/","Blackburn"
"1657196981-704","https://www.flashscore.co.uk/football/england/premier-league-2002-2003/results/","0"
"1657196981-312","https://www.flashscore.co.uk/football/england/premier-league-2002-2003/results/","6"
"1657196981-128","https://www.flashscore.co.uk/football/england/premier-league-2002-2003/results/","Liverpool"
"1657196981-547","https://www.flashscore.co.uk/football/england/premier-league-2002-2003/results/","Charlton"
"1657196981-497","https://www.flashscore.co.uk/football/england/premier-league-2002-2003/results/","12.04. 15:00"
"1657196981-370","https://www.flashscore.co.uk/football/england/premier-league-2002-2003/results/","(0)"
"1657196981-389","https://www.flashscore.co.uk/football/england/premier-league-2002-2003/results/","1"
"1657196981-277","https://www.flashscore.co.uk/football/england/premier-league-2002-2003/results/","1"
"1657196981-532","https://www.flashscore.co.uk/football/england/premier-league-2002-2003/results/","06.04. 16:00"
"1657196981-118","https://www.flashscore.co.uk/football/england/premier-league-2002-2003/results/","(0)"
"1657196981-396","https://www.flashscore.co.uk/football/england/premier-league-2002-2003/results/","0"
"1657196981-563","https://www.flashscore.co.uk/football/england/premier-league-2002-2003/results/","1"
"1657196981-140","https://www.flashscore.co.uk/football/england/premier-league-2002-2003/results/","11.05. 15:00"
"1657196981-163","https://www.flashscore.co.uk/football/england/premier-league-2002-2003/results/","Blackburn"
"1657196981-306","https://www.flashscore.co.uk/football/england/premier-league-2002-2003/results/","(0)"
"1657196981-215","https://www.flashscore.co.uk/football/england/premier-league-2002-2003/results/","(2)"
"1657196981-289","https://www.flashscore.co.uk/football/england/premier-league-2002-2003/results/","Aston Villa"
"1657196981-273","https://www.flashscore.co.uk/football/england/premier-league-2002-2003/results/","26.04. 15:00"
"1657196981-297","https://www.flashscore.co.uk/football/england/premier-league-2002-2003/results/","2"
"1657196981-391","https://www.flashscore.co.uk/football/england/premier-league-2002-2003/results/","(0)"
"1657196981-385","https://www.flashscore.co.uk/football/england/premier-league-2002-2003/results/","19.04. 15:00"
"1657196981-483","https://www.flashscore.co.uk/football/england/premier-league-2002-2003/results/","12.04. 15:00"
"1657196981-282","https://www.flashscore.co.uk/football/england/premier-league-2002-2003/results/","Fulham"
"1657196981-133","https://www.flashscore.co.uk/football/england/premier-league-2002-2003/results/","11.05. 15:00"
"1657196981-565","https://www.flashscore.co.uk/football/england/premier-league-2002-2003/results/","(1)"
"1657196981-786","https://www.flashscore.co.uk/football/england/premier-league-2002-2003/results/","Everton"
"1657196981-538","https://www.flashscore.co.uk/football/england/premier-league-2002-2003/results/","(1)"
"1657196981-332","https://www.flashscore.co.uk/football/england/premier-league-2002-2003/results/","3"
"1657196981-479","https://www.flashscore.co.uk/football/england/premier-league-2002-2003/results/","1"
"1657196981-667","https://www.flashscore.co.uk/football/england/premier-league-2002-2003/results/","Chelsea"
"1657196981-446","https://www.flashscore.co.uk/football/england/premier-league-2002-2003/results/","(0)"
"1657196981-688","https://www.flashscore.co.uk/football/england/premier-league-2002-2003/results/","Arsenal"
"1657196981-721","https://www.flashscore.co.uk/football/england/premier-league-2002-2003/results/","15.03. 15:00"
"1657196981-740","https://www.flashscore.co.uk/football/england/premier-league-2002-2003/results/","(1)"
"1657196981-115","https://www.flashscore.co.uk/football/england/premier-league-2002-2003/results/","2"
"1657196981-516","https://www.flashscore.co.uk/football/england/premier-league-2002-2003/results/","(1)"
"1657196981-660","https://www.flashscore.co.uk/football/england/premier-league-2002-2003/results/","West Brom"
"1657196981-809","https://www.flashscore.co.uk/football/england/premier-league-2002-2003/results/","1"
"1657196981-444","https://www.flashscore.co.uk/football/england/premier-league-2002-2003/results/","1"
"1657196981-169","https://www.flashscore.co.uk/football/england/premier-league-2002-2003/results/","West Brom"
"1657196981-201","https://www.flashscore.co.uk/football/england/premier-league-2002-2003/results/","(0)"
"1657196981-268","https://www.flashscore.co.uk/football/england/premier-league-2002-2003/results/","Middlesbrough"
"1657196981-722","https://www.flashscore.co.uk/football/england/premier-league-2002-2003/results/","Sunderland"
"1657196981-709","https://www.flashscore.co.uk/football/england/premier-league-2002-2003/results/","Southampton"
"1657196981-371","https://www.flashscore.co.uk/football/england/premier-league-2002-2003/results/","21.04. 15:00"
"1657196981-180","https://www.flashscore.co.uk/football/england/premier-league-2002-2003/results/","(5)"
"1657196981-292","https://www.flashscore.co.uk/football/england/premier-league-2002-2003/results/","(0)"
"1657196981-747","https://www.flashscore.co.uk/football/england/premier-league-2002-2003/results/","(1)"
"1657196981-498","https://www.flashscore.co.uk/football/england/premier-league-2002-2003/results/","Man City"
"1657196981-718","https://www.flashscore.co.uk/football/england/premier-league-2002-2003/results/","3"
"1657196981-176","https://www.flashscore.co.uk/football/england/premier-league-2002-2003/results/","Arsenal"
"1657196981-823","https://www.flashscore.co.uk/football/england/premier-league-2002-2003/results/","1"
"1657196981-393","https://www.flashscore.co.uk/football/england/premier-league-2002-2003/results/","Bolton"
"1657196981-246","https://www.flashscore.co.uk/football/england/premier-league-2002-2003/results/","Man Utd"
"1657196981-675","https://www.flashscore.co.uk/football/england/premier-league-2002-2003/results/","2"
"1657196981-274","https://www.flashscore.co.uk/football/england/premier-league-2002-2003/results/","Charlton"
"1657196981-570","https://www.flashscore.co.uk/football/england/premier-league-2002-2003/results/","1"
"1657196981-245","https://www.flashscore.co.uk/football/england/premier-league-2002-2003/results/","03.05. 12:30"
"1657196981-677","https://www.flashscore.co.uk/football/england/premier-league-2002-2003/results/","(0)"
"1657196981-571","https://www.flashscore.co.uk/football/england/premier-league-2002-2003/results/","2"
"1657196981-557","https://www.flashscore.co.uk/football/england/premier-league-2002-2003/results/","0"
"1657196981-378","https://www.flashscore.co.uk/football/england/premier-league-2002-2003/results/","21.04. 15:00"
"1657196981-628","https://www.flashscore.co.uk/football/england/premier-league-2002-2003/results/","(0)"
"1657196981-219","https://www.flashscore.co.uk/football/england/premier-league-2002-2003/results/","Man City"
"1657196981-346","https://www.flashscore.co.uk/football/england/premier-league-2002-2003/results/","4"
"1657196981-594","https://www.flashscore.co.uk/football/england/premier-league-2002-2003/results/","(0)"
"1657196981-546","https://www.flashscore.co.uk/football/england/premier-league-2002-2003/results/","05.04. 15:00"
"1657196981-522","https://www.flashscore.co.uk/football/england/premier-league-2002-2003/results/","6"
"1657196981-624","https://www.flashscore.co.uk/football/england/premier-league-2002-2003/results/","Middlesbrough"
"1657196981-252","https://www.flashscore.co.uk/football/england/premier-league-2002-2003/results/","27.04. 16:05"
"1657196981-468","https://www.flashscore.co.uk/football/england/premier-league-2002-2003/results/","(0)"
"1657196981-403","https://www.flashscore.co.uk/football/england/premier-league-2002-2003/results/","2"
"1657196981-804","https://www.flashscore.co.uk/football/england/premier-league-2002-2003/results/","(0)"
"1657196981-762","https://www.flashscore.co.uk/football/england/premier-league-2002-2003/results/","(0)"
"1657196981-646","https://www.flashscore.co.uk/football/england/premier-league-2002-2003/results/","Sunderland"
"1657196981-144","https://www.flashscore.co.uk/football/england/premier-league-2002-2003/results/","1"
"1657196981-136","https://www.flashscore.co.uk/football/england/premier-league-2002-2003/results/","1"
"1657196981-125","https://www.flashscore.co.uk/football/england/premier-league-2002-2003/results/","(1)"
"1657196981-524","https://www.flashscore.co.uk/football/england/premier-league-2002-2003/results/","(4)"
"1657196981-820","https://www.flashscore.co.uk/football/england/premier-league-2002-2003/results/","Birmingham"
"1657196981-229","https://www.flashscore.co.uk/football/england/premier-league-2002-2003/results/","(3)"
"1657196981-225","https://www.flashscore.co.uk/football/england/premier-league-2002-2003/results/","Middlesbrough"
"1657196981-732","https://www.flashscore.co.uk/football/england/premier-league-2002-2003/results/","1"
"1657196981-224","https://www.flashscore.co.uk/football/england/premier-league-2002-2003/results/","03.05. 15:00"
"1657196981-231","https://www.flashscore.co.uk/football/england/premier-league-2002-2003/results/","03.05. 15:00"
"1657196981-232","https://www.flashscore.co.uk/football/england/premier-league-2002-2003/results/","Newcastle"
"1657196981-405","https://www.flashscore.co.uk/football/england/premier-league-2002-2003/results/","(1)"
"1657196981-242","https://www.flashscore.co.uk/football/england/premier-league-2002-2003/results/","0"
"1657196981-383","https://www.flashscore.co.uk/football/england/premier-league-2002-2003/results/","(0)"
"1657196981-512","https://www.flashscore.co.uk/football/england/premier-league-2002-2003/results/","West Ham"
"1657196981-637","https://www.flashscore.co.uk/football/england/premier-league-2002-2003/results/","22.03. 15:00"
"1657196981-663","https://www.flashscore.co.uk/football/england/premier-league-2002-2003/results/","(0)"
"1657196981-633","https://www.flashscore.co.uk/football/england/premier-league-2002-2003/results/","5"
"1657196981-832","https://www.flashscore.co.uk/football/england/premier-league-2002-2003/results/","(1)"
"1657196981-623","https://www.flashscore.co.uk/football/england/premier-league-2002-2003/results/","22.03. 15:00"
"1657196981-481","https://www.flashscore.co.uk/football/england/premier-league-2002-2003/results/","(0)"
"1657196981-199","https://www.flashscore.co.uk/football/england/premier-league-2002-2003/results/","1"
"1657196981-746","https://www.flashscore.co.uk/football/england/premier-league-2002-2003/results/","1"
"1657196981-188","https://www.flashscore.co.uk/football/england/premier-league-2002-2003/results/","(1)"
"1657196981-372","https://www.flashscore.co.uk/football/england/premier-league-2002-2003/results/","West Brom"
"1657196981-375","https://www.flashscore.co.uk/football/england/premier-league-2002-2003/results/","3"
"1657196981-668","https://www.flashscore.co.uk/football/england/premier-league-2002-2003/results/","0"
"1657196981-683","https://www.flashscore.co.uk/football/england/premier-league-2002-2003/results/","0"
"1657196981-690","https://www.flashscore.co.uk/football/england/premier-league-2002-2003/results/","0"
"1657196981-322","https://www.flashscore.co.uk/football/england/premier-league-2002-2003/results/","22.04. 19:45"
"1657196981-410","https://www.flashscore.co.uk/football/england/premier-league-2002-2003/results/","2"
"1657196981-776","https://www.flashscore.co.uk/football/england/premier-league-2002-2003/results/","(0)"
"1657196981-698","https://www.flashscore.co.uk/football/england/premier-league-2002-2003/results/","(0)"
"1657196981-471","https://www.flashscore.co.uk/football/england/premier-league-2002-2003/results/","Charlton"
"1657196981-700","https://www.flashscore.co.uk/football/england/premier-league-2002-2003/results/","15.03. 15:00"
"1657196981-399","https://www.flashscore.co.uk/football/england/premier-league-2002-2003/results/","19.04. 15:00"
"1657196981-401","https://www.flashscore.co.uk/football/england/premier-league-2002-2003/results/","Birmingham"
"1657196981-773","https://www.flashscore.co.uk/football/england/premier-league-2002-2003/results/","1"
"1657196981-138","https://www.flashscore.co.uk/football/england/premier-league-2002-2003/results/","(1)"
"1657196981-495","https://www.flashscore.co.uk/football/england/premier-league-2002-2003/results/","(1)"
"1657196981-812","https://www.flashscore.co.uk/football/england/premier-league-2002-2003/results/","24.02. 20:00"
"1657196981-329","https://www.flashscore.co.uk/football/england/premier-league-2002-2003/results/","21.04. 15:00"
"1657196981-206","https://www.flashscore.co.uk/football/england/premier-league-2002-2003/results/","1"
"1657196981-210","https://www.flashscore.co.uk/football/england/premier-league-2002-2003/results/","03.05. 15:00"
"1657196981-451","https://www.flashscore.co.uk/football/england/premier-league-2002-2003/results/","0"
"1657196981-658","https://www.flashscore.co.uk/football/england/premier-league-2002-2003/results/","22.03. 12:00"
"1657196981-275","https://www.flashscore.co.uk/football/england/premier-league-2002-2003/results/","Southampton"
"1657196981-463","https://www.flashscore.co.uk/football/england/premier-league-2002-2003/results/","Birmingham"
"1657196981-362","https://www.flashscore.co.uk/football/england/premier-league-2002-2003/results/","(2)"
"1657196981-630","https://www.flashscore.co.uk/football/england/premier-league-2002-2003/results/","22.03. 15:00"
"1657196981-603","https://www.flashscore.co.uk/football/england/premier-league-2002-2003/results/","Arsenal"
"1657196981-379","https://www.flashscore.co.uk/football/england/premier-league-2002-2003/results/","West Ham"
"1657196981-716","https://www.flashscore.co.uk/football/england/premier-league-2002-2003/results/","Middlesbrough"
"1657196981-418","https://www.flashscore.co.uk/football/england/premier-league-2002-2003/results/","(0)"
"1657196981-653","https://www.flashscore.co.uk/football/england/premier-league-2002-2003/results/","Fulham"
"1657196981-730","https://www.flashscore.co.uk/football/england/premier-league-2002-2003/results/","Man Utd"
"1657196981-726","https://www.flashscore.co.uk/football/england/premier-league-2002-2003/results/","(0)"
"1657196981-529","https://www.flashscore.co.uk/football/england/premier-league-2002-2003/results/","4"
"1657196981-158","https://www.flashscore.co.uk/football/england/premier-league-2002-2003/results/","4"
"1657196981-161","https://www.flashscore.co.uk/football/england/premier-league-2002-2003/results/","11.05. 15:00"
"1657196981-288","https://www.flashscore.co.uk/football/england/premier-league-2002-2003/results/","Everton"
"1657196981-717","https://www.flashscore.co.uk/football/england/premier-league-2002-2003/results/","2"
"1657196981-678","https://www.flashscore.co.uk/football/england/premier-league-2002-2003/results/","(0)"
"1657196981-559","https://www.flashscore.co.uk/football/england/premier-league-2002-2003/results/","(0)"
"1657196981-208","https://www.flashscore.co.uk/football/england/premier-league-2002-2003/results/","(1)"
"1657196981-796","https://www.flashscore.co.uk/football/england/premier-league-2002-2003/results/","(1)"
"1657196981-437","https://www.flashscore.co.uk/football/england/premier-league-2002-2003/results/","3"
"1657196981-337","https://www.flashscore.co.uk/football/england/premier-league-2002-2003/results/","Blackburn"
"1657196981-179","https://www.flashscore.co.uk/football/england/premier-league-2002-2003/results/","1"
"1657196981-797","https://www.flashscore.co.uk/football/england/premier-league-2002-2003/results/","(0)"
"1657196981-254","https://www.flashscore.co.uk/football/england/premier-league-2002-2003/results/","Man Utd"
"1657196981-315","https://www.flashscore.co.uk/football/england/premier-league-2002-2003/results/","26.04. 12:30"
"1657196981-454","https://www.flashscore.co.uk/football/england/premier-league-2002-2003/results/","(2)"
"1657196981-342","https://www.flashscore.co.uk/football/england/premier-league-2002-2003/results/","(0)"
"1657196981-253","https://www.flashscore.co.uk/football/england/premier-league-2002-2003/results/","Tottenham"
"1657196981-343","https://www.flashscore.co.uk/football/england/premier-league-2002-2003/results/","21.04. 15:00"
"1657196981-622","https://www.flashscore.co.uk/football/england/premier-league-2002-2003/results/","(0)"
"1657196981-580","https://www.flashscore.co.uk/football/england/premier-league-2002-2003/results/","(0)"
"1657196981-423","https://www.flashscore.co.uk/football/england/premier-league-2002-2003/results/","3"
"1657196981-535","https://www.flashscore.co.uk/football/england/premier-league-2002-2003/results/","2"
"1657196981-236","https://www.flashscore.co.uk/football/england/premier-league-2002-2003/results/","(1)"
"1657196981-595","https://www.flashscore.co.uk/football/england/premier-league-2002-2003/results/","24.03. 20:00"
"1657196981-192","https://www.flashscore.co.uk/football/england/premier-league-2002-2003/results/","0"
"1657196981-319","https://www.flashscore.co.uk/football/england/premier-league-2002-2003/results/","2"
"1657196981-190","https://www.flashscore.co.uk/football/england/premier-league-2002-2003/results/","Southampton"
"1657196981-587","https://www.flashscore.co.uk/football/england/premier-league-2002-2003/results/","(0)"
"1657196981-503","https://www.flashscore.co.uk/football/england/premier-league-2002-2003/results/","(0)"
"1657196981-197","https://www.flashscore.co.uk/football/england/premier-league-2002-2003/results/","Aston Villa"
"1657196981-259","https://www.flashscore.co.uk/football/england/premier-league-2002-2003/results/","27.04. 14:00"
"1657196981-829","https://www.flashscore.co.uk/football/england/premier-league-2002-2003/results/","1"
"1657196981-575","https://www.flashscore.co.uk/football/england/premier-league-2002-2003/results/","Tottenham"
"1657196981-608","https://www.flashscore.co.uk/football/england/premier-league-2002-2003/results/","(0)"
"1657196981-641","https://www.flashscore.co.uk/football/england/premier-league-2002-2003/results/","2"
"1657196981-510","https://www.flashscore.co.uk/football/england/premier-league-2002-2003/results/","(2)"
"1657196981-827","https://www.flashscore.co.uk/football/england/premier-league-2002-2003/results/","West Brom"
"1657196981-484","https://www.flashscore.co.uk/football/england/premier-league-2002-2003/results/","Leeds"
"1657196981-599","https://www.flashscore.co.uk/football/england/premier-league-2002-2003/results/","0"
"1657196981-314","https://www.flashscore.co.uk/football/england/premier-league-2002-2003/results/","(1)"
"1657196981-528","https://www.flashscore.co.uk/football/england/premier-league-2002-2003/results/","0"
"1657196981-263","https://www.flashscore.co.uk/football/england/premier-league-2002-2003/results/","1"
"1657196981-351","https://www.flashscore.co.uk/football/england/premier-league-2002-2003/results/","Liverpool"
"1657196981-697","https://www.flashscore.co.uk/football/england/premier-league-2002-2003/results/","2"
"1657196981-390","https://www.flashscore.co.uk/football/england/premier-league-2002-2003/results/","(1)"
"1657196981-513","https://www.flashscore.co.uk/football/england/premier-league-2002-2003/results/","Aston Villa"
"1657196981-339","https://www.flashscore.co.uk/football/england/premier-league-2002-2003/results/","0"
"1657196981-352","https://www.flashscore.co.uk/football/england/premier-league-2002-2003/results/","Charlton"
"1657196981-488","https://www.flashscore.co.uk/football/england/premier-league-2002-2003/results/","(1)"
"1657196981-645","https://www.flashscore.co.uk/football/england/premier-league-2002-2003/results/","West Ham"
"1657196981-439","https://www.flashscore.co.uk/football/england/premier-league-2002-2003/results/","(2)"
"1657196981-701","https://www.flashscore.co.uk/football/england/premier-league-2002-2003/results/","Everton"
"1657196981-116","https://www.flashscore.co.uk/football/england/premier-league-2002-2003/results/","1"
"1657196981-432","https://www.flashscore.co.uk/football/england/premier-league-2002-2003/results/","(0)"
"1657196981-216","https://www.flashscore.co.uk/football/england/premier-league-2002-2003/results/","(0)"
"1657196981-394","https://www.flashscore.co.uk/football/england/premier-league-2002-2003/results/","West Ham"
"1657196981-536","https://www.flashscore.co.uk/football/england/premier-league-2002-2003/results/","1"
"1657196981-318","https://www.flashscore.co.uk/football/england/premier-league-2002-2003/results/","2"
"1657196981-335","https://www.flashscore.co.uk/football/england/premier-league-2002-2003/results/","(1)"
"1657196981-643","https://www.flashscore.co.uk/football/england/premier-league-2002-2003/results/","(2)"
"1657196981-494","https://www.flashscore.co.uk/football/england/premier-league-2002-2003/results/","0"
"1657196981-702","https://www.flashscore.co.uk/football/england/premier-league-2002-2003/results/","West Ham"
"1657196981-651","https://www.flashscore.co.uk/football/england/premier-league-2002-2003/results/","22.03. 12:30"
"1657196981-791","https://www.flashscore.co.uk/football/england/premier-league-2002-2003/results/","01.03. 15:00"
"1657196981-272","https://www.flashscore.co.uk/football/england/premier-league-2002-2003/results/","(0)"
"1657196981-543","https://www.flashscore.co.uk/football/england/premier-league-2002-2003/results/","1"
"1657196981-583","https://www.flashscore.co.uk/football/england/premier-league-2002-2003/results/","Liverpool"
"1657196981-249","https://www.flashscore.co.uk/football/england/premier-league-2002-2003/results/","1"
"1657196981-725","https://www.flashscore.co.uk/football/england/premier-league-2002-2003/results/","2"
"1657196981-107","https://www.flashscore.co.uk/football/england/premier-league-2002-2003/results/","West Ham"
"1657196981-293","https://www.flashscore.co.uk/football/england/premier-league-2002-2003/results/","(0)"
"1657196981-679","https://www.flashscore.co.uk/football/england/premier-league-2002-2003/results/","16.03. 14:00"
"1657196981-764","https://www.flashscore.co.uk/football/england/premier-league-2002-2003/results/","Arsenal"
"1657196981-749","https://www.flashscore.co.uk/football/england/premier-league-2002-2003/results/","05.03. 19:45"
"1657196981-429","https://www.flashscore.co.uk/football/england/premier-league-2002-2003/results/","Arsenal"
"1657196981-549","https://www.flashscore.co.uk/football/england/premier-league-2002-2003/results/","1"
"1657196981-551","https://www.flashscore.co.uk/football/england/premier-league-2002-2003/results/","(1)"
"1657196981-207","https://www.flashscore.co.uk/football/england/premier-league-2002-2003/results/","1"
"1657196981-450","https://www.flashscore.co.uk/football/england/premier-league-2002-2003/results/","Man City"
"1657196981-708","https://www.flashscore.co.uk/football/england/premier-league-2002-2003/results/","Fulham"
"1657196981-409","https://www.flashscore.co.uk/football/england/premier-league-2002-2003/results/","1"
"1657196981-635","https://www.flashscore.co.uk/football/england/premier-league-2002-2003/results/","(1)"
"1657196981-248","https://www.flashscore.co.uk/football/england/premier-league-2002-2003/results/","4"
"1657196981-533","https://www.flashscore.co.uk/football/england/premier-league-2002-2003/results/","Everton"
"1657196981-146","https://www.flashscore.co.uk/football/england/premier-league-2002-2003/results/","(1)"
"1657196981-400","https://www.flashscore.co.uk/football/england/premier-league-2002-2003/results/","Charlton"
"1657196981-449","https://www.flashscore.co.uk/football/england/premier-league-2002-2003/results/","Tottenham"
"1657196981-182","https://www.flashscore.co.uk/football/england/premier-league-2002-2003/results/","04.05. 16:05"
"1657196981-203","https://www.flashscore.co.uk/football/england/premier-league-2002-2003/results/","03.05. 15:00"
"1657196981-470","https://www.flashscore.co.uk/football/england/premier-league-2002-2003/results/","Blackburn"
"1657196981-514","https://www.flashscore.co.uk/football/england/premier-league-2002-2003/results/","2"
"1657196981-228","https://www.flashscore.co.uk/football/england/premier-league-2002-2003/results/","1"
"1657196981-548","https://www.flashscore.co.uk/football/england/premier-league-2002-2003/results/","Leeds"
"1657196981-616","https://www.flashscore.co.uk/football/england/premier-league-2002-2003/results/","22.03. 15:00"
"1657196981-810","https://www.flashscore.co.uk/football/england/premier-league-2002-2003/results/","(1)"
"1657196981-172","https://www.flashscore.co.uk/football/england/premier-league-2002-2003/results/","2"
"1657196981-308","https://www.flashscore.co.uk/football/england/premier-league-2002-2003/results/","26.04. 15:00"
"1657196981-647","https://www.flashscore.co.uk/football/england/premier-league-2002-2003/results/","2"
"1657196981-558","https://www.flashscore.co.uk/football/england/premier-league-2002-2003/results/","(1)"
"1657196981-261","https://www.flashscore.co.uk/football/england/premier-league-2002-2003/results/","West Ham"
"1657196981-122","https://www.flashscore.co.uk/football/england/premier-league-2002-2003/results/","0"
"1657196981-560","https://www.flashscore.co.uk/football/england/premier-league-2002-2003/results/","05.04. 15:00"
"1657196981-505","https://www.flashscore.co.uk/football/england/premier-league-2002-2003/results/","West Brom"
"1657196981-380","https://www.flashscore.co.uk/football/england/premier-league-2002-2003/results/","Middlesbrough"
"1657196981-417","https://www.flashscore.co.uk/football/england/premier-league-2002-2003/results/","1"
"1657196981-733","https://www.flashscore.co.uk/football/england/premier-league-2002-2003/results/","(0)"
"1657196981-181","https://www.flashscore.co.uk/football/england/premier-league-2002-2003/results/","(1)"
"1657196981-336","https://www.flashscore.co.uk/football/england/premier-league-2002-2003/results/","21.04. 15:00"
"1657196981-250","https://www.flashscore.co.uk/football/england/premier-league-2002-2003/results/","(3)"
"1657196981-455","https://www.flashscore.co.uk/football/england/premier-league-2002-2003/results/","16.04. 20:00"
"1657196981-205","https://www.flashscore.co.uk/football/england/premier-league-2002-2003/results/","West Brom"
"1657196981-328","https://www.flashscore.co.uk/football/england/premier-league-2002-2003/results/","(0)"
"1657196981-682","https://www.flashscore.co.uk/football/england/premier-league-2002-2003/results/","1"
"1657196981-808","https://www.flashscore.co.uk/football/england/premier-league-2002-2003/results/","2"
"1657196981-177","https://www.flashscore.co.uk/football/england/premier-league-2002-2003/results/","Southampton"
"1657196981-759","https://www.flashscore.co.uk/football/england/premier-league-2002-2003/results/","0"
"1657196981-567","https://www.flashscore.co.uk/football/england/premier-league-2002-2003/results/","05.04. 15:00"
"1657196981-137","https://www.flashscore.co.uk/football/england/premier-league-2002-2003/results/","2"
"1657196981-819","https://www.flashscore.co.uk/football/england/premier-league-2002-2003/results/","23.02. 16:05"
"1657196981-111","https://www.flashscore.co.uk/football/england/premier-league-2002-2003/results/","(0)"
"1657196981-374","https://www.flashscore.co.uk/football/england/premier-league-2002-2003/results/","2"
"1657196981-407","https://www.flashscore.co.uk/football/england/premier-league-2002-2003/results/","Everton"
"1657196981-436","https://www.flashscore.co.uk/football/england/premier-league-2002-2003/results/","Leeds"
"1657196981-114","https://www.flashscore.co.uk/football/england/premier-league-2002-2003/results/","Middlesbrough"
"1657196981-247","https://www.flashscore.co.uk/football/england/premier-league-2002-2003/results/","Charlton"
"1657196981-765","https://www.flashscore.co.uk/football/england/premier-league-2002-2003/results/","Charlton"
"1657196981-534","https://www.flashscore.co.uk/football/england/premier-league-2002-2003/results/","Newcastle"
"1657196981-438","https://www.flashscore.co.uk/football/england/premier-league-2002-2003/results/","2"
"1657196981-539","https://www.flashscore.co.uk/football/england/premier-league-2002-2003/results/","05.04. 15:00"
"1657196981-347","https://www.flashscore.co.uk/football/england/premier-league-2002-2003/results/","1"
"1657196981-813","https://www.flashscore.co.uk/football/england/premier-league-2002-2003/results/","Tottenham"
"1657196981-490","https://www.flashscore.co.uk/football/england/premier-league-2002-2003/results/","12.04. 15:00"
"1657196981-590","https://www.flashscore.co.uk/football/england/premier-league-2002-2003/results/","Man City"
"1657196981-577","https://www.flashscore.co.uk/football/england/premier-league-2002-2003/results/","2"
"1657196981-298","https://www.flashscore.co.uk/football/england/premier-league-2002-2003/results/","3"
"1657196981-588","https://www.flashscore.co.uk/football/england/premier-league-2002-2003/results/","05.04. 12:00"
"1657196981-597","https://www.flashscore.co.uk/football/england/premier-league-2002-2003/results/","Tottenham"
"1657196981-507","https://www.flashscore.co.uk/football/england/premier-league-2002-2003/results/","1"
"1657196981-712","https://www.flashscore.co.uk/football/england/premier-league-2002-2003/results/","(1)"
"1657196981-799","https://www.flashscore.co.uk/football/england/premier-league-2002-2003/results/","West Ham"
"1657196981-299","https://www.flashscore.co.uk/football/england/premier-league-2002-2003/results/","(1)"
"1657196981-787","https://www.flashscore.co.uk/football/england/premier-league-2002-2003/results/","1"
"1657196981-689","https://www.flashscore.co.uk/football/england/premier-league-2002-2003/results/","2"
"1657196981-131","https://www.flashscore.co.uk/football/england/premier-league-2002-2003/results/","(2)"
"1657196981-361","https://www.flashscore.co.uk/football/england/premier-league-2002-2003/results/","0"
"1657196981-803","https://www.flashscore.co.uk/football/england/premier-league-2002-2003/results/","(1)"
"1657196981-387","https://www.flashscore.co.uk/football/england/premier-league-2002-2003/results/","Chelsea"
"1657196981-431","https://www.flashscore.co.uk/football/england/premier-league-2002-2003/results/","2"
"1657196981-784","https://www.flashscore.co.uk/football/england/premier-league-2002-2003/results/","01.03. 15:00"
"1657196981-758","https://www.flashscore.co.uk/football/england/premier-league-2002-2003/results/","Birmingham"
"1657196981-227","https://www.flashscore.co.uk/football/england/premier-league-2002-2003/results/","5"
"1657196981-504","https://www.flashscore.co.uk/football/england/premier-league-2002-2003/results/","12.04. 15:00"
"1657196981-124","https://www.flashscore.co.uk/football/england/premier-league-2002-2003/results/","(0)"
"1657196981-160","https://www.flashscore.co.uk/football/england/premier-league-2002-2003/results/","(2)"
"1657196981-255","https://www.flashscore.co.uk/football/england/premier-league-2002-2003/results/","0"
"1657196981-644","https://www.flashscore.co.uk/football/england/premier-league-2002-2003/results/","22.03. 15:00"
"1657196981-556","https://www.flashscore.co.uk/football/england/premier-league-2002-2003/results/","3"
"1657196981-638","https://www.flashscore.co.uk/football/england/premier-league-2002-2003/results/","Southampton"
"1657196981-739","https://www.flashscore.co.uk/football/england/premier-league-2002-2003/results/","0"
"1657196981-589","https://www.flashscore.co.uk/football/england/premier-league-2002-2003/results/","Bolton"
"1657196981-564","https://www.flashscore.co.uk/football/england/premier-league-2002-2003/results/","1"
"1657196981-736","https://www.flashscore.co.uk/football/england/premier-league-2002-2003/results/","Liverpool"
"1657196981-353","https://www.flashscore.co.uk/football/england/premier-league-2002-2003/results/","2"
"1657196981-285","https://www.flashscore.co.uk/football/england/premier-league-2002-2003/results/","(1)"
"1657196981-324","https://www.flashscore.co.uk/football/england/premier-league-2002-2003/results/","Fulham"
"1657196981-670","https://www.flashscore.co.uk/football/england/premier-league-2002-2003/results/","(0)"
"1657196981-260","https://www.flashscore.co.uk/football/england/premier-league-2002-2003/results/","Man City"
"1657196981-816","https://www.flashscore.co.uk/football/england/premier-league-2002-2003/results/","1"
"1657196981-824","https://www.flashscore.co.uk/football/england/premier-league-2002-2003/results/","(1)"
"1657196981-757","https://www.flashscore.co.uk/football/england/premier-league-2002-2003/results/","Aston Villa"
"1657196981-751","https://www.flashscore.co.uk/football/england/premier-league-2002-2003/results/","Newcastle"
"1657196981-800","https://www.flashscore.co.uk/football/england/premier-league-2002-2003/results/","Tottenham"
"1657196981-441","https://www.flashscore.co.uk/football/england/premier-league-2002-2003/results/","19.04. 15:00"
"1657196981-527","https://www.flashscore.co.uk/football/england/premier-league-2002-2003/results/","Blackburn"
"1657196981-327","https://www.flashscore.co.uk/football/england/premier-league-2002-2003/results/","(1)"
"1657196981-345","https://www.flashscore.co.uk/football/england/premier-league-2002-2003/results/","Everton"
"1657196981-302","https://www.flashscore.co.uk/football/england/premier-league-2002-2003/results/","Sunderland"
"1657196981-489","https://www.flashscore.co.uk/football/england/premier-league-2002-2003/results/","(2)"
"1657196981-617","https://www.flashscore.co.uk/football/england/premier-league-2002-2003/results/","Chelsea"
"1657196981-506","https://www.flashscore.co.uk/football/england/premier-league-2002-2003/results/","Everton"
"1657196981-402","https://www.flashscore.co.uk/football/england/premier-league-2002-2003/results/","0"
"1657196981-734","https://www.flashscore.co.uk/football/england/premier-league-2002-2003/results/","(1)"
"1657196981-271","https://www.flashscore.co.uk/football/england/premier-league-2002-2003/results/","(2)"
"1657196981-168","https://www.flashscore.co.uk/football/england/premier-league-2002-2003/results/","11.05. 15:00"
"1657196981-748","https://www.flashscore.co.uk/football/england/premier-league-2002-2003/results/","(0)"
"1657196981-537","https://www.flashscore.co.uk/football/england/premier-league-2002-2003/results/","(1)"
"1657196981-359","https://www.flashscore.co.uk/football/england/premier-league-2002-2003/results/","Sunderland"
"1657196981-550","https://www.flashscore.co.uk/football/england/premier-league-2002-2003/results/","6"
"1657196981-664","https://www.flashscore.co.uk/football/england/premier-league-2002-2003/results/","(0)"
"1657196981-499","https://www.flashscore.co.uk/football/england/premier-league-2002-2003/results/","Middlesbrough"
"1657196981-687","https://www.flashscore.co.uk/football/england/premier-league-2002-2003/results/","Blackburn"
"1657196981-307","https://www.flashscore.co.uk/football/england/premier-league-2002-2003/results/","(1)"
"1657196981-170","https://www.flashscore.co.uk/football/england/premier-league-2002-2003/results/","Newcastle"
"1657196981-822","https://www.flashscore.co.uk/football/england/premier-league-2002-2003/results/","2"
"1657196981-523","https://www.flashscore.co.uk/football/england/premier-league-2002-2003/results/","(1)"
"1657196981-411","https://www.flashscore.co.uk/football/england/premier-league-2002-2003/results/","(0)"
"1657196981-779","https://www.flashscore.co.uk/football/england/premier-league-2002-2003/results/","Sunderland"
"1657196981-482","https://www.flashscore.co.uk/football/england/premier-league-2002-2003/results/","(0)"
"1657196981-321","https://www.flashscore.co.uk/football/england/premier-league-2002-2003/results/","(0)"
"1657196981-143","https://www.flashscore.co.uk/football/england/premier-league-2002-2003/results/","3"
"1657196981-323","https://www.flashscore.co.uk/football/england/premier-league-2002-2003/results/","Leeds"
"1657196981-235","https://www.flashscore.co.uk/football/england/premier-league-2002-2003/results/","0"
"1657196981-442","https://www.flashscore.co.uk/football/england/premier-league-2002-2003/results/","Sunderland"
"1657196981-142","https://www.flashscore.co.uk/football/england/premier-league-2002-2003/results/","Aston Villa"
"1657196981-365","https://www.flashscore.co.uk/football/england/premier-league-2002-2003/results/","Newcastle"
"1657196981-767","https://www.flashscore.co.uk/football/england/premier-league-2002-2003/results/","0"
"1657196981-357","https://www.flashscore.co.uk/football/england/premier-league-2002-2003/results/","21.04. 15:00"
"1657196981-150","https://www.flashscore.co.uk/football/england/premier-league-2002-2003/results/","0"
"1657196981-474","https://www.flashscore.co.uk/football/england/premier-league-2002-2003/results/","(1)"
"1657196981-421","https://www.flashscore.co.uk/football/england/premier-league-2002-2003/results/","Man Utd"
"1657196981-625","https://www.flashscore.co.uk/football/england/premier-league-2002-2003/results/","Charlton"
"1657196981-686","https://www.flashscore.co.uk/football/england/premier-league-2002-2003/results/","15.03. 15:00"
"1657196981-186","https://www.flashscore.co.uk/football/england/premier-league-2002-2003/results/","3"
"1657196981-761","https://www.flashscore.co.uk/football/england/premier-league-2002-2003/results/","(0)"
"1657196981-544","https://www.flashscore.co.uk/football/england/premier-league-2002-2003/results/","(0)"
"1657196981-790","https://www.flashscore.co.uk/football/england/premier-league-2002-2003/results/","(1)"
"1657196981-728","https://www.flashscore.co.uk/football/england/premier-league-2002-2003/results/","15.03. 12:30"
"1657196981-369","https://www.flashscore.co.uk/football/england/premier-league-2002-2003/results/","(1)"
"1657196981-162","https://www.flashscore.co.uk/football/england/premier-league-2002-2003/results/","Tottenham"
"1657196981-584","https://www.flashscore.co.uk/football/england/premier-league-2002-2003/results/","4"
"1657196981-238","https://www.flashscore.co.uk/football/england/premier-league-2002-2003/results/","03.05. 15:00"
"1657196981-467","https://www.flashscore.co.uk/football/england/premier-league-2002-2003/results/","(1)"
"1657196981-281","https://www.flashscore.co.uk/football/england/premier-league-2002-2003/results/","Chelsea"
"1657196981-406","https://www.flashscore.co.uk/football/england/premier-league-2002-2003/results/","19.04. 15:00"
"1657196981-518","https://www.flashscore.co.uk/football/england/premier-league-2002-2003/results/","12.04. 12:30"
"1657196981-475","https://www.flashscore.co.uk/football/england/premier-league-2002-2003/results/","(0)"
"1657196981-447","https://www.flashscore.co.uk/football/england/premier-league-2002-2003/results/","(2)"
"1657196981-290","https://www.flashscore.co.uk/football/england/premier-league-2002-2003/results/","2"
"1657196981-265","https://www.flashscore.co.uk/football/england/premier-league-2002-2003/results/","(0)"
"1657196981-149","https://www.flashscore.co.uk/football/england/premier-league-2002-2003/results/","Southampton"
"1657196981-152","https://www.flashscore.co.uk/football/england/premier-league-2002-2003/results/","(0)"
"1657196981-696","https://www.flashscore.co.uk/football/england/premier-league-2002-2003/results/","0"
"1657196981-303","https://www.flashscore.co.uk/football/england/premier-league-2002-2003/results/","Newcastle"
"1657196981-415","https://www.flashscore.co.uk/football/england/premier-league-2002-2003/results/","Newcastle"
"1657196981-204","https://www.flashscore.co.uk/football/england/premier-league-2002-2003/results/","Blackburn"
"1657196981-165","https://www.flashscore.co.uk/football/england/premier-league-2002-2003/results/","4"
"1657196981-153","https://www.flashscore.co.uk/football/england/premier-league-2002-2003/results/","(1)"
"1657196981-731","https://www.flashscore.co.uk/football/england/premier-league-2002-2003/results/","0"
"1657196981-119","https://www.flashscore.co.uk/football/england/premier-league-2002-2003/results/","11.05. 15:00"
"1657196981-593","https://www.flashscore.co.uk/football/england/premier-league-2002-2003/results/","(1)"
"1657196981-650","https://www.flashscore.co.uk/football/england/premier-league-2002-2003/results/","(0)"
"1657196981-240","https://www.flashscore.co.uk/football/england/premier-league-2002-2003/results/","Chelsea"
"1657196981-196","https://www.flashscore.co.uk/football/england/premier-league-2002-2003/results/","03.05. 15:00"
"1657196981-619","https://www.flashscore.co.uk/football/england/premier-league-2002-2003/results/","5"
"1657196981-573","https://www.flashscore.co.uk/football/england/premier-league-2002-2003/results/","(0)"
"1657196981-581","https://www.flashscore.co.uk/football/england/premier-league-2002-2003/results/","05.04. 12:30"
"1657196981-552","https://www.flashscore.co.uk/football/england/premier-league-2002-2003/results/","(3)"
"1657196981-106","https://www.flashscore.co.uk/football/england/premier-league-2002-2003/results/","Birmingham"
"1657196981-606","https://www.flashscore.co.uk/football/england/premier-league-2002-2003/results/","1"
"1657196981-775","https://www.flashscore.co.uk/football/england/premier-league-2002-2003/results/","(1)"
"1657196981-817","https://www.flashscore.co.uk/football/england/premier-league-2002-2003/results/","(1)"
"1657196981-174","https://www.flashscore.co.uk/football/england/premier-league-2002-2003/results/","(1)"
"1657196981-135","https://www.flashscore.co.uk/football/england/premier-league-2002-2003/results/","Man Utd"
"1657196981-458","https://www.flashscore.co.uk/football/england/premier-league-2002-2003/results/","2"
"1657196981-814","https://www.flashscore.co.uk/football/england/premier-league-2002-2003/results/","Fulham"
"1657196981-642","https://www.flashscore.co.uk/football/england/premier-league-2002-2003/results/","(1)"
"1657196981-592","https://www.flashscore.co.uk/football/england/premier-league-2002-2003/results/","0"
"1657196981-218","https://www.flashscore.co.uk/football/england/premier-league-2002-2003/results/","Liverpool"
"1657196981-478","https://www.flashscore.co.uk/football/england/premier-league-2002-2003/results/","Bolton"
"1657196981-742","https://www.flashscore.co.uk/football/england/premier-league-2002-2003/results/","05.03. 20:00"
"1657196981-693","https://www.flashscore.co.uk/football/england/premier-league-2002-2003/results/","15.03. 15:00"
"1657196981-334","https://www.flashscore.co.uk/football/england/premier-league-2002-2003/results/","(0)"
"1657196981-802","https://www.flashscore.co.uk/football/england/premier-league-2002-2003/results/","0"
"1657196981-821","https://www.flashscore.co.uk/football/england/premier-league-2002-2003/results/","Liverpool"
"1657196981-576","https://www.flashscore.co.uk/football/england/premier-league-2002-2003/results/","Birmingham"
"1657196981-540","https://www.flashscore.co.uk/football/england/premier-league-2002-2003/results/","Aston Villa"
"1657196981-750","https://www.flashscore.co.uk/football/england/premier-league-2002-2003/results/","Middlesbrough"
"1657196981-443","https://www.flashscore.co.uk/football/england/premier-league-2002-2003/results/","West Brom"
"1657196981-755","https://www.flashscore.co.uk/football/england/premier-league-2002-2003/results/","(0)"
"1657196981-121","https://www.flashscore.co.uk/football/england/premier-league-2002-2003/results/","Fulham"
"1657196981-805","https://www.flashscore.co.uk/football/england/premier-league-2002-2003/results/","01.03. 12:30"
"1657196981-171","https://www.flashscore.co.uk/football/england/premier-league-2002-2003/results/","2"
"1657196981-145","https://www.flashscore.co.uk/football/england/premier-league-2002-2003/results/","(1)"
"1657196981-707","https://www.flashscore.co.uk/football/england/premier-league-2002-2003/results/","15.03. 15:00"
"1657196981-665","https://www.flashscore.co.uk/football/england/premier-league-2002-2003/results/","16.03. 16:05"
"1657196981-656","https://www.flashscore.co.uk/football/england/premier-league-2002-2003/results/","(1)"
"1657196981-694","https://www.flashscore.co.uk/football/england/premier-league-2002-2003/results/","Charlton"
"1657196981-291","https://www.flashscore.co.uk/football/england/premier-league-2002-2003/results/","1"
"1657196981-578","https://www.flashscore.co.uk/football/england/premier-league-2002-2003/results/","1"
"1657196981-491","https://www.flashscore.co.uk/football/england/premier-league-2002-2003/results/","Liverpool"
"1657196981-132","https://www.flashscore.co.uk/football/england/premier-league-2002-2003/results/","(1)"
"1657196981-244","https://www.flashscore.co.uk/football/england/premier-league-2002-2003/results/","(0)"
"1657196981-501","https://www.flashscore.co.uk/football/england/premier-league-2002-2003/results/","0"
"1657196981-541","https://www.flashscore.co.uk/football/england/premier-league-2002-2003/results/","Arsenal"
"1657196981-191","https://www.flashscore.co.uk/football/england/premier-league-2002-2003/results/","Bolton"
"1657196981-496","https://www.flashscore.co.uk/football/england/premier-league-2002-2003/results/","(0)"
"1657196981-612","https://www.flashscore.co.uk/football/england/premier-league-2002-2003/results/","3"
"1657196981-493","https://www.flashscore.co.uk/football/england/premier-league-2002-2003/results/","2"
"1657196981-778","https://www.flashscore.co.uk/football/england/premier-league-2002-2003/results/","Fulham"
"1657196981-127","https://www.flashscore.co.uk/football/england/premier-league-2002-2003/results/","Chelsea"
"1657196981-200","https://www.flashscore.co.uk/football/england/premier-league-2002-2003/results/","0"
"1657196981-777","https://www.flashscore.co.uk/football/england/premier-league-2002-2003/results/","01.03. 15:00"
"1657196981-568","https://www.flashscore.co.uk/football/england/premier-league-2002-2003/results/","Sunderland"
"1657196981-760","https://www.flashscore.co.uk/football/england/premier-league-2002-2003/results/","2"
"1657196981-621","https://www.flashscore.co.uk/football/england/premier-league-2002-2003/results/","(2)"
"1657196981-241","https://www.flashscore.co.uk/football/england/premier-league-2002-2003/results/","1"
"1657196981-129","https://www.flashscore.co.uk/football/england/premier-league-2002-2003/results/","2"
"1657196981-737","https://www.flashscore.co.uk/football/england/premier-league-2002-2003/results/","Bolton"
"1657196981-554","https://www.flashscore.co.uk/football/england/premier-league-2002-2003/results/","Middlesbrough"
"1657196981-256","https://www.flashscore.co.uk/football/england/premier-league-2002-2003/results/","2"
"1657196981-266","https://www.flashscore.co.uk/football/england/premier-league-2002-2003/results/","26.04. 15:00"
"1657196981-789","https://www.flashscore.co.uk/football/england/premier-league-2002-2003/results/","(0)"
"1657196981-640","https://www.flashscore.co.uk/football/england/premier-league-2002-2003/results/","2"
"1657196981-120","https://www.flashscore.co.uk/football/england/premier-league-2002-2003/results/","Charlton"
"1657196981-631","https://www.flashscore.co.uk/football/england/premier-league-2002-2003/results/","Newcastle"
"1657196981-807","https://www.flashscore.co.uk/football/england/premier-league-2002-2003/results/","Chelsea"
"1657196981-792","https://www.flashscore.co.uk/football/england/premier-league-2002-2003/results/","Southampton"
"1657196981-669","https://www.flashscore.co.uk/football/england/premier-league-2002-2003/results/","2"
"1657196981-772","https://www.flashscore.co.uk/football/england/premier-league-2002-2003/results/","Man City"
"1657196981-724","https://www.flashscore.co.uk/football/england/premier-league-2002-2003/results/","0"
"1657196981-173","https://www.flashscore.co.uk/football/england/premier-league-2002-2003/results/","(0)"
"1657196981-738","https://www.flashscore.co.uk/football/england/premier-league-2002-2003/results/","2"
"1657196981-283","https://www.flashscore.co.uk/football/england/premier-league-2002-2003/results/","1"
"1657196981-164","https://www.flashscore.co.uk/football/england/premier-league-2002-2003/results/","0"
"1657196981-386","https://www.flashscore.co.uk/football/england/premier-league-2002-2003/results/","Aston Villa"
"1657196981-278","https://www.flashscore.co.uk/football/england/premier-league-2002-2003/results/","(1)"
"1657196981-304","https://www.flashscore.co.uk/football/england/premier-league-2002-2003/results/","0"
"1657196981-469","https://www.flashscore.co.uk/football/england/premier-league-2002-2003/results/","12.04. 15:00"
"1657196981-426","https://www.flashscore.co.uk/football/england/premier-league-2002-2003/results/","(1)"
"1657196981-662","https://www.flashscore.co.uk/football/england/premier-league-2002-2003/results/","0"
"1657196981-720","https://www.flashscore.co.uk/football/england/premier-league-2002-2003/results/","(2)"
"1657196981-768","https://www.flashscore.co.uk/football/england/premier-league-2002-2003/results/","(2)"
"1657196981-123","https://www.flashscore.co.uk/football/england/premier-league-2002-2003/results/","1"
"1657196981-414","https://www.flashscore.co.uk/football/england/premier-league-2002-2003/results/","Fulham"
"1657196981-251","https://www.flashscore.co.uk/football/england/premier-league-2002-2003/results/","(1)"
"1657196981-460","https://www.flashscore.co.uk/football/england/premier-league-2002-2003/results/","(0)"
"1657196981-801","https://www.flashscore.co.uk/football/england/premier-league-2002-2003/results/","2"
"1657196981-774","https://www.flashscore.co.uk/football/england/premier-league-2002-2003/results/","0"
"1657196981-620","https://www.flashscore.co.uk/football/england/premier-league-2002-2003/results/","0"
"1657196981-269","https://www.flashscore.co.uk/football/england/premier-league-2002-2003/results/","3"
"1657196981-542","https://www.flashscore.co.uk/football/england/premier-league-2002-2003/results/","1"
"1657196981-130","https://www.flashscore.co.uk/football/england/premier-league-2002-2003/results/","1"
"1657196981-614","https://www.flashscore.co.uk/football/england/premier-league-2002-2003/results/","(2)"
"1657196981-167","https://www.flashscore.co.uk/football/england/premier-league-2002-2003/results/","(2)"
"1657196981-340","https://www.flashscore.co.uk/football/england/premier-league-2002-2003/results/","0"
"1657196981-699","https://www.flashscore.co.uk/football/england/premier-league-2002-2003/results/","(1)"
"1657196981-366","https://www.flashscore.co.uk/football/england/premier-league-2002-2003/results/","Aston Villa"
"1657196981-780","https://www.flashscore.co.uk/football/england/premier-league-2002-2003/results/","1"
"1657196981-763","https://www.flashscore.co.uk/football/england/premier-league-2002-2003/results/","02.03. 12:00"
"1657196981-397","https://www.flashscore.co.uk/football/england/premier-league-2002-2003/results/","(1)"
"1657196981-466","https://www.flashscore.co.uk/football/england/premier-league-2002-2003/results/","0"
"1657196981-108","https://www.flashscore.co.uk/football/england/premier-league-2002-2003/results/","2"
"1657196981-741","https://www.flashscore.co.uk/football/england/premier-league-2002-2003/results/","(0)"
"1657196981-811","https://www.flashscore.co.uk/football/england/premier-league-2002-2003/results/","(1)"
"1657196981-333","https://www.flashscore.co.uk/football/england/premier-league-2002-2003/results/","2"
"1657196981-363","https://www.flashscore.co.uk/football/england/premier-league-2002-2003/results/","(0)"
"1657196981-294","https://www.flashscore.co.uk/football/england/premier-league-2002-2003/results/","26.04. 15:00"
"1657196981-639","https://www.flashscore.co.uk/football/england/premier-league-2002-2003/results/","Aston Villa"
"1657196981-280","https://www.flashscore.co.uk/football/england/premier-league-2002-2003/results/","26.04. 15:00"
"1657196981-113","https://www.flashscore.co.uk/football/england/premier-league-2002-2003/results/","Bolton"
"1657196981-627","https://www.flashscore.co.uk/football/england/premier-league-2002-2003/results/","1"
"1657196981-652","https://www.flashscore.co.uk/football/england/premier-league-2002-2003/results/","Man Utd"
"1657196981-602","https://www.flashscore.co.uk/football/england/premier-league-2002-2003/results/","23.03. 16:05"
"1657196981-525","https://www.flashscore.co.uk/football/england/premier-league-2002-2003/results/","07.04. 20:00"
"1657196981-530","https://www.flashscore.co.uk/football/england/premier-league-2002-2003/results/","(0)"
"1657196981-806","https://www.flashscore.co.uk/football/england/premier-league-2002-2003/results/","Newcastle"
"1657196981-818","https://www.flashscore.co.uk/football/england/premier-league-2002-2003/results/","(1)"
"1657196981-508","https://www.flashscore.co.uk/football/england/premier-league-2002-2003/results/","2"
"1657196981-184","https://www.flashscore.co.uk/football/england/premier-league-2002-2003/results/","Leeds"
"1657196981-605","https://www.flashscore.co.uk/football/england/premier-league-2002-2003/results/","2"
"1657196981-520","https://www.flashscore.co.uk/football/england/premier-league-2002-2003/results/","Man Utd"
"1657196981-233","https://www.flashscore.co.uk/football/england/premier-league-2002-2003/results/","Birmingham"
"1657196981-166","https://www.flashscore.co.uk/football/england/premier-league-2002-2003/results/","(0)"
"1657196981-211","https://www.flashscore.co.uk/football/england/premier-league-2002-2003/results/","Fulham"
"1657196981-155","https://www.flashscore.co.uk/football/england/premier-league-2002-2003/results/","Sunderland"
"1657196981-325","https://www.flashscore.co.uk/football/england/premier-league-2002-2003/results/","2"
"1657196981-221","https://www.flashscore.co.uk/football/england/premier-league-2002-2003/results/","2"
"1657196981-826","https://www.flashscore.co.uk/football/england/premier-league-2002-2003/results/","23.02. 14:00"
"1657196981-117","https://www.flashscore.co.uk/football/england/premier-league-2002-2003/results/","(2)"
"1657196981-267","https://www.flashscore.co.uk/football/england/premier-league-2002-2003/results/","Birmingham"
"1657196981-311","https://www.flashscore.co.uk/football/england/premier-league-2002-2003/results/","0"
"1657196981-461","https://www.flashscore.co.uk/football/england/premier-league-2002-2003/results/","(1)"
"1657196981-313","https://www.flashscore.co.uk/football/england/premier-league-2002-2003/results/","(0)"
"1657196981-473","https://www.flashscore.co.uk/football/england/premier-league-2002-2003/results/","0"
"1657196981-258","https://www.flashscore.co.uk/football/england/premier-league-2002-2003/results/","(0)"
"1657196981-715","https://www.flashscore.co.uk/football/england/premier-league-2002-2003/results/","Leeds"
"1657196981-604","https://www.flashscore.co.uk/football/england/premier-league-2002-2003/results/","Everton"
"1657196981-649","https://www.flashscore.co.uk/football/england/premier-league-2002-2003/results/","(1)"
"1657196981-705","https://www.flashscore.co.uk/football/england/premier-league-2002-2003/results/","(0)"
"1657196981-476","https://www.flashscore.co.uk/football/england/premier-league-2002-2003/results/","12.04. 15:00"
"1657196981-517","https://www.flashscore.co.uk/football/england/premier-league-2002-2003/results/","(1)"
"1657196981-769","https://www.flashscore.co.uk/football/england/premier-league-2002-2003/results/","(0)"
"1657196981-428","https://www.flashscore.co.uk/football/england/premier-league-2002-2003/results/","Middlesbrough"
"1657196981-175","https://www.flashscore.co.uk/football/england/premier-league-2002-2003/results/","07.05. 19:45"
"1657196981-626","https://www.flashscore.co.uk/football/england/premier-league-2002-2003/results/","1"
"1657196981-257","https://www.flashscore.co.uk/football/england/premier-league-2002-2003/results/","(0)"
"1657196981-661","https://www.flashscore.co.uk/football/england/premier-league-2002-2003/results/","1"
"1657196981-381","https://www.flashscore.co.uk/football/england/premier-league-2002-2003/results/","1"
"1657196981-453","https://www.flashscore.co.uk/football/england/premier-league-2002-2003/results/","(0)"
"1657196981-771","https://www.flashscore.co.uk/football/england/premier-league-2002-2003/results/","Blackburn"
"1657196981-672","https://www.flashscore.co.uk/football/england/premier-league-2002-2003/results/","16.03. 15:00"
"1657196981-348","https://www.flashscore.co.uk/football/england/premier-league-2002-2003/results/","(1)"
"1657196981-729","https://www.flashscore.co.uk/football/england/premier-league-2002-2003/results/","Aston Villa"
"1657196981-151","https://www.flashscore.co.uk/football/england/premier-league-2002-2003/results/","1"
"1657196981-634","https://www.flashscore.co.uk/football/england/premier-league-2002-2003/results/","1"
"1657196981-424","https://www.flashscore.co.uk/football/england/premier-league-2002-2003/results/","1"
"1657196981-692","https://www.flashscore.co.uk/football/england/premier-league-2002-2003/results/","(0)"
"1657196981-270","https://www.flashscore.co.uk/football/england/premier-league-2002-2003/results/","0"
"1657196981-673","https://www.flashscore.co.uk/football/england/premier-league-2002-2003/results/","Tottenham"
"1657196981-753","https://www.flashscore.co.uk/football/england/premier-league-2002-2003/results/","0"
"1657196981-585","https://www.flashscore.co.uk/football/england/premier-league-2002-2003/results/","0"
"1657196981-511","https://www.flashscore.co.uk/football/england/premier-league-2002-2003/results/","12.04. 15:00"
"1657196981-611","https://www.flashscore.co.uk/football/england/premier-league-2002-2003/results/","Leeds"
"1657196981-425","https://www.flashscore.co.uk/football/england/premier-league-2002-2003/results/","(2)"
"1657196981-714","https://www.flashscore.co.uk/football/england/premier-league-2002-2003/results/","15.03. 15:00"
"1657196981-788","https://www.flashscore.co.uk/football/england/premier-league-2002-2003/results/","1"
"1657196981-781","https://www.flashscore.co.uk/football/england/premier-league-2002-2003/results/","0"
"1657196981-526","https://www.flashscore.co.uk/football/england/premier-league-2002-2003/results/","Fulham"
"1657196981-234","https://www.flashscore.co.uk/football/england/premier-league-2002-2003/results/","1"
"1657196981-222","https://www.flashscore.co.uk/football/england/premier-league-2002-2003/results/","(0)"
"1657196981-485","https://www.flashscore.co.uk/football/england/premier-league-2002-2003/results/","Tottenham"
"1657196981-472","https://www.flashscore.co.uk/football/england/premier-league-2002-2003/results/","1"
"1657196981-433","https://www.flashscore.co.uk/football/england/premier-league-2002-2003/results/","(0)"
"1657196981-596","https://www.flashscore.co.uk/football/england/premier-league-2002-2003/results/","Bolton"
"1657196981-713","https://www.flashscore.co.uk/football/england/premier-league-2002-2003/results/","(0)"
"1657196981-648","https://www.flashscore.co.uk/football/england/premier-league-2002-2003/results/","0"
"1657196981-230","https://www.flashscore.co.uk/football/england/premier-league-2002-2003/results/","(0)"
"1657196981-509","https://www.flashscore.co.uk/football/england/premier-league-2002-2003/results/","(1)"
"1657196981-217","https://www.flashscore.co.uk/football/england/premier-league-2002-2003/results/","03.05. 15:00"
"1657196981-284","https://www.flashscore.co.uk/football/england/premier-league-2002-2003/results/","1"
"1657196981-831","https://www.flashscore.co.uk/football/england/premier-league-2002-2003/results/","(0)"
"1657196981-310","https://www.flashscore.co.uk/football/england/premier-league-2002-2003/results/","Liverpool"
"1657196981-591","https://www.flashscore.co.uk/football/england/premier-league-2002-2003/results/","2"
"1657196981-301","https://www.flashscore.co.uk/football/england/premier-league-2002-2003/results/","26.04. 15:00"
"1657196981-223","https://www.flashscore.co.uk/football/england/premier-league-2002-2003/results/","(0)"
"1657196981-427","https://www.flashscore.co.uk/football/england/premier-league-2002-2003/results/","19.04. 15:00"
"1657196981-354","https://www.flashscore.co.uk/football/england/premier-league-2002-2003/results/","1"
"1657196981-382","https://www.flashscore.co.uk/football/england/premier-league-2002-2003/results/","0"
"1657196981-243","https://www.flashscore.co.uk/football/england/premier-league-2002-2003/results/","(0)"
"1657196981-360","https://www.flashscore.co.uk/football/england/premier-league-2002-2003/results/","3"
"1657196981-377","https://www.flashscore.co.uk/football/england/premier-league-2002-2003/results/","(1)"
"1657196981-226","https://www.flashscore.co.uk/football/england/premier-league-2002-2003/results/","Tottenham"
"1657196981-676","https://www.flashscore.co.uk/football/england/premier-league-2002-2003/results/","3"
"1657196981-521","https://www.flashscore.co.uk/football/england/premier-league-2002-2003/results/","2"
"1657196981-582","https://www.flashscore.co.uk/football/england/premier-league-2002-2003/results/","Man Utd"
"1657196981-187","https://www.flashscore.co.uk/football/england/premier-league-2002-2003/results/","(1)"
"1657196981-358","https://www.flashscore.co.uk/football/england/premier-league-2002-2003/results/","Man City"
"1657196981-178","https://www.flashscore.co.uk/football/england/premier-league-2002-2003/results/","6"
"1657196981-579","https://www.flashscore.co.uk/football/england/premier-league-2002-2003/results/","(1)"
"1657196981-395","https://www.flashscore.co.uk/football/england/premier-league-2002-2003/results/","1"
"1657196981-420","https://www.flashscore.co.uk/football/england/premier-league-2002-2003/results/","19.04. 15:00"
"1657196981-457","https://www.flashscore.co.uk/football/england/premier-league-2002-2003/results/","Man Utd"
"1657196981-515","https://www.flashscore.co.uk/football/england/premier-league-2002-2003/results/","2"
"1657196981-825","https://www.flashscore.co.uk/football/england/premier-league-2002-2003/results/","(0)"
"1657196981-112","https://www.flashscore.co.uk/football/england/premier-league-2002-2003/results/","11.05. 15:00"
"1657196981-398","https://www.flashscore.co.uk/football/england/premier-league-2002-2003/results/","(0)"
"1657196981-239","https://www.flashscore.co.uk/football/england/premier-league-2002-2003/results/","West Ham"
"1657196981-706","https://www.flashscore.co.uk/football/england/premier-league-2002-2003/results/","(0)"
"1657196981-412","https://www.flashscore.co.uk/football/england/premier-league-2002-2003/results/","(1)"
"1657196981-719","https://www.flashscore.co.uk/football/england/premier-league-2002-2003/results/","(1)"
"1657196981-368","https://www.flashscore.co.uk/football/england/premier-league-2002-2003/results/","1"
"1657196981-134","https://www.flashscore.co.uk/football/england/premier-league-2002-2003/results/","Everton"
"1657196981-376","https://www.flashscore.co.uk/football/england/premier-league-2002-2003/results/","(1)"
"1657196981-212","https://www.flashscore.co.uk/football/england/premier-league-2002-2003/results/","Everton"
"1657196981-487","https://www.flashscore.co.uk/football/england/premier-league-2002-2003/results/","2"
"1657196981-815","https://www.flashscore.co.uk/football/england/premier-league-2002-2003/results/","1"
"1657196981-452","https://www.flashscore.co.uk/football/england/premier-league-2002-2003/results/","2"
"1657196981-141","https://www.flashscore.co.uk/football/england/premier-league-2002-2003/results/","Leeds"
"1657196981-613","https://www.flashscore.co.uk/football/england/premier-league-2002-2003/results/","1"
"1657196981-388","https://www.flashscore.co.uk/football/england/premier-league-2002-2003/results/","2"
"1657196981-710","https://www.flashscore.co.uk/football/england/premier-league-2002-2003/results/","2"
"1657196981-586","https://www.flashscore.co.uk/football/england/premier-league-2002-2003/results/","(1)"
"1657196981-598","https://www.flashscore.co.uk/football/england/premier-league-2002-2003/results/","1"
"1657196981-794","https://www.flashscore.co.uk/football/england/premier-league-2002-2003/results/","1"
"1657196981-531","https://www.flashscore.co.uk/football/england/premier-league-2002-2003/results/","(2)"
"1657196981-320","https://www.flashscore.co.uk/football/england/premier-league-2002-2003/results/","(0)"
"1657196981-262","https://www.flashscore.co.uk/football/england/premier-league-2002-2003/results/","0"
"1657196981-156","https://www.flashscore.co.uk/football/england/premier-league-2002-2003/results/","Arsenal"
"1657196981-209","https://www.flashscore.co.uk/football/england/premier-league-2002-2003/results/","(0)"
"1657196981-691","https://www.flashscore.co.uk/football/england/premier-league-2002-2003/results/","(1)"
"1657196981-408","https://www.flashscore.co.uk/football/england/premier-league-2002-2003/results/","Liverpool"
"1657196981-326","https://www.flashscore.co.uk/football/england/premier-league-2002-2003/results/","0"
"1657196981-553","https://www.flashscore.co.uk/football/england/premier-league-2002-2003/results/","05.04. 15:00"
"1657196981-317","https://www.flashscore.co.uk/football/england/premier-league-2002-2003/results/","Arsenal"
"1657196981-344","https://www.flashscore.co.uk/football/england/premier-league-2002-2003/results/","Chelsea"
"1657196981-798","https://www.flashscore.co.uk/football/england/premier-league-2002-2003/results/","01.03. 15:00"
"1657196981-782","https://www.flashscore.co.uk/football/england/premier-league-2002-2003/results/","(0)"
"1657196981-154","https://www.flashscore.co.uk/football/england/premier-league-2002-2003/results/","11.05. 15:00"
"1657196981-434","https://www.flashscore.co.uk/football/england/premier-league-2002-2003/results/","19.04. 15:00"
"1657196981-766","https://www.flashscore.co.uk/football/england/premier-league-2002-2003/results/","2"
"1657196981-195","https://www.flashscore.co.uk/football/england/premier-league-2002-2003/results/","(0)"
"1657196981-445","https://www.flashscore.co.uk/football/england/premier-league-2002-2003/results/","2"
"1657196981-194","https://www.flashscore.co.uk/football/england/premier-league-2002-2003/results/","(0)"
"1657196981-545","https://www.flashscore.co.uk/football/england/premier-league-2002-2003/results/","(0)"
"1657196981-659","https://www.flashscore.co.uk/football/england/premier-league-2002-2003/results/","Birmingham"
"1657196981-392","https://www.flashscore.co.uk/football/england/premier-league-2002-2003/results/","19.04. 15:00"
"1657196981-139","https://www.flashscore.co.uk/football/england/premier-league-2002-2003/results/","(1)"
"1657196981-666","https://www.flashscore.co.uk/football/england/premier-league-2002-2003/results/","West Brom"
"1657196981-220","https://www.flashscore.co.uk/football/england/premier-league-2002-2003/results/","1"
"1657196981-486","https://www.flashscore.co.uk/football/england/premier-league-2002-2003/results/","2"
"1657196981-202","https://www.flashscore.co.uk/football/england/premier-league-2002-2003/results/","(0)"
"1657196981-744","https://www.flashscore.co.uk/football/england/premier-league-2002-2003/results/","Leeds"
"1657196981-355","https://www.flashscore.co.uk/football/england/premier-league-2002-2003/results/","(0)"
"1657196981-703","https://www.flashscore.co.uk/football/england/premier-league-2002-2003/results/","0"
"1657196981-296","https://www.flashscore.co.uk/football/england/premier-league-2002-2003/results/","Blackburn"
"1657196981-674","https://www.flashscore.co.uk/football/england/premier-league-2002-2003/results/","Liverpool"
"1657196981-464","https://www.flashscore.co.uk/football/england/premier-league-2002-2003/results/","Sunderland"
"1657196981-276","https://www.flashscore.co.uk/football/england/premier-league-2002-2003/results/","2"
"1657196981-286","https://www.flashscore.co.uk/football/england/premier-league-2002-2003/results/","(0)"
"1657196981-684","https://www.flashscore.co.uk/football/england/premier-league-2002-2003/results/","(0)"
"1657196981-364","https://www.flashscore.co.uk/football/england/premier-league-2002-2003/results/","21.04. 15:00"
"1657196981-279","https://www.flashscore.co.uk/football/england/premier-league-2002-2003/results/","(0)"
"1657196981-830","https://www.flashscore.co.uk/football/england/premier-league-2002-2003/results/","2"
"1657196981-632","https://www.flashscore.co.uk/football/england/premier-league-2002-2003/results/","Blackburn"
"1657196981-601","https://www.flashscore.co.uk/football/england/premier-league-2002-2003/results/","(0)"
"1657196981-609","https://www.flashscore.co.uk/football/england/premier-league-2002-2003/results/","23.03. 14:00"
"1657196981-338","https://www.flashscore.co.uk/football/england/premier-league-2002-2003/results/","Bolton"
"1657196981-783","https://www.flashscore.co.uk/football/england/premier-league-2002-2003/results/","(0)"
"1657196981-189","https://www.flashscore.co.uk/football/england/premier-league-2002-2003/results/","03.05. 17:30"
"1657196981-185","https://www.flashscore.co.uk/football/england/premier-league-2002-2003/results/","2"
"1657196981-502","https://www.flashscore.co.uk/football/england/premier-league-2002-2003/results/","(0)"
"1657196981-105","https://www.flashscore.co.uk/football/england/premier-league-2002-2003/results/","11.05. 15:00"
"1657196981-480","https://www.flashscore.co.uk/football/england/premier-league-2002-2003/results/","0"
"1657196981-561","https://www.flashscore.co.uk/football/england/premier-league-2002-2003/results/","Southampton"
"1657196981-618","https://www.flashscore.co.uk/football/england/premier-league-2002-2003/results/","Man City"
"1657196981-680","https://www.flashscore.co.uk/football/england/premier-league-2002-2003/results/","Man City"
"1657196981-147","https://www.flashscore.co.uk/football/england/premier-league-2002-2003/results/","11.05. 15:00"
"1657196981-419","https://www.flashscore.co.uk/football/england/premier-league-2002-2003/results/","(1)"
"1657196981-477","https://www.flashscore.co.uk/football/england/premier-league-2002-2003/results/","Chelsea"
"1657196981-492","https://www.flashscore.co.uk/football/england/premier-league-2002-2003/results/","Fulham"
"1657196981-350","https://www.flashscore.co.uk/football/england/premier-league-2002-2003/results/","21.04. 15:00"
"1657196981-157","https://www.flashscore.co.uk/football/england/premier-league-2002-2003/results/","0"
"1657196981-569","https://www.flashscore.co.uk/football/england/premier-league-2002-2003/results/","Chelsea"
"1657196981-349","https://www.flashscore.co.uk/football/england/premier-league-2002-2003/results/","(0)"
"1657196981-462","https://www.flashscore.co.uk/football/england/premier-league-2002-2003/results/","12.04. 15:00"
"1657196981-711","https://www.flashscore.co.uk/football/england/premier-league-2002-2003/results/","2"
"1657196981-430","https://www.flashscore.co.uk/football/england/premier-league-2002-2003/results/","0"
"1657196981-610","https://www.flashscore.co.uk/football/england/premier-league-2002-2003/results/","Liverpool"
"1657196981-448","https://www.flashscore.co.uk/football/england/premier-league-2002-2003/results/","18.04. 15:00"
"1657196981-198","https://www.flashscore.co.uk/football/england/premier-league-2002-2003/results/","Sunderland"
"1657196981-413","https://www.flashscore.co.uk/football/england/premier-league-2002-2003/results/","19.04. 15:00"
"1657196981-237","https://www.flashscore.co.uk/football/england/premier-league-2002-2003/results/","(0)"
"1657196981-752","https://www.flashscore.co.uk/football/england/premier-league-2002-2003/results/","1"
"1657196981-148","https://www.flashscore.co.uk/football/england/premier-league-2002-2003/results/","Man City"
"1657196981-126","https://www.flashscore.co.uk/football/england/premier-league-2002-2003/results/","11.05. 15:00"
"1657196981-685","https://www.flashscore.co.uk/football/england/premier-league-2002-2003/results/","(0)"
"1657196981-607","https://www.flashscore.co.uk/football/england/premier-league-2002-2003/results/","(1)"
"1657196981-384","https://www.flashscore.co.uk/football/england/premier-league-2002-2003/results/","(0)"
"1657196981-373","https://www.flashscore.co.uk/football/england/premier-league-2002-2003/results/","Tottenham"
"1657196981-404","https://www.flashscore.co.uk/football/england/premier-league-2002-2003/results/","(0)"
"1657196981-629","https://www.flashscore.co.uk/football/england/premier-league-2002-2003/results/","(1)"
"1657196981-456","https://www.flashscore.co.uk/football/england/premier-league-2002-2003/results/","Arsenal"
"1657196981-671","https://www.flashscore.co.uk/football/england/premier-league-2002-2003/results/","(1)"
"1657196981-566","https://www.flashscore.co.uk/football/england/premier-league-2002-2003/results/","(0)"
"1657196981-615","https://www.flashscore.co.uk/football/england/premier-league-2002-2003/results/","(0)"
"1657196981-793","https://www.flashscore.co.uk/football/england/premier-league-2002-2003/results/","West Brom"
"1657196981-309","https://www.flashscore.co.uk/football/england/premier-league-2002-2003/results/","West Brom"
"1657196981-435","https://www.flashscore.co.uk/football/england/premier-league-2002-2003/results/","Southampton"
"1657196981-356","https://www.flashscore.co.uk/football/england/premier-league-2002-2003/results/","(0)"
"1657196981-654","https://www.flashscore.co.uk/football/england/premier-league-2002-2003/results/","3"
"1657196981-695","https://www.flashscore.co.uk/football/england/premier-league-2002-2003/results/","Newcastle"
"1657196981-264","https://www.flashscore.co.uk/football/england/premier-league-2002-2003/results/","(0)"
"1657196981-316","https://www.flashscore.co.uk/football/england/premier-league-2002-2003/results/","Bolton"
"1657196981-600","https://www.flashscore.co.uk/football/england/premier-league-2002-2003/results/","(0)"
"1657196981-295","https://www.flashscore.co.uk/football/england/premier-league-2002-2003/results/","Leeds"
"1657196981-743","https://www.flashscore.co.uk/football/england/premier-league-2002-2003/results/","Man Utd"
"1657196981-735","https://www.flashscore.co.uk/football/england/premier-league-2002-2003/results/","08.03. 15:00"
"1657196981-183","https://www.flashscore.co.uk/football/england/premier-league-2002-2003/results/","Arsenal"
"1657196981-440","https://www.flashscore.co.uk/football/england/premier-league-2002-2003/results/","(0)"
"1657196981-214","https://www.flashscore.co.uk/football/england/premier-league-2002-2003/results/","0"
"1657196981-828","https://www.flashscore.co.uk/football/england/premier-league-2002-2003/results/","West Ham"
"1657196981-745","https://www.flashscore.co.uk/football/england/premier-league-2002-2003/results/","2"
"1657196981-723","https://www.flashscore.co.uk/football/england/premier-league-2002-2003/results/","Bolton"
"1657196981-459","https://www.flashscore.co.uk/football/england/premier-league-2002-2003/results/","2"
"1657196981-109","https://www.flashscore.co.uk/football/england/premier-league-2002-2003/results/","2"
"1657196981-465","https://www.flashscore.co.uk/football/england/premier-league-2002-2003/results/","2"
"1657196981-110","https://www.flashscore.co.uk/football/england/premier-league-2002-2003/results/","(0)"
"1657196981-159","https://www.flashscore.co.uk/football/england/premier-league-2002-2003/results/","(0)"
"1657196981-770","https://www.flashscore.co.uk/football/england/premier-league-2002-2003/results/","01.03. 15:00"
"1657196981-574","https://www.flashscore.co.uk/football/england/premier-league-2002-2003/results/","05.04. 15:00"
"1657196981-193","https://www.flashscore.co.uk/football/england/premier-league-2002-2003/results/","0"
"1657196981-330","https://www.flashscore.co.uk/football/england/premier-league-2002-2003/results/","Birmingham"
"1657196981-727","https://www.flashscore.co.uk/football/england/premier-league-2002-2003/results/","(0)"
"1657196981-655","https://www.flashscore.co.uk/football/england/premier-league-2002-2003/results/","0"
"1657196981-555","https://www.flashscore.co.uk/football/england/premier-league-2002-2003/results/","West Brom"
"1657196981-416","https://www.flashscore.co.uk/football/england/premier-league-2002-2003/results/","2"
"1657196981-636","https://www.flashscore.co.uk/football/england/premier-league-2002-2003/results/","(0)"
"1657196981-562","https://www.flashscore.co.uk/football/england/premier-league-2002-2003/results/","West Ham"
"1657196981-795","https://www.flashscore.co.uk/football/england/premier-league-2002-2003/results/","0"
"1657196981-300","https://www.flashscore.co.uk/football/england/premier-league-2002-2003/results/","(1)"
"1657196981-500","https://www.flashscore.co.uk/football/england/premier-league-2002-2003/results/","0"
"1657196981-756","https://www.flashscore.co.uk/football/england/premier-league-2002-2003/results/","03.03. 20:00"
